timestamp,nim,url,status,message
2026-03-04 05:04:20,2241720092,https://github.com/Katakon17/2241720092_ML_2025,SUCCESS,Clone berhasil
2026-03-04 05:04:35,2341720187,https://github.com/4rdnac/2341720187_ML_2025,SUCCESS,Clone berhasil
2026-03-04 05:04:38,244107023010,https://github.com/fajrulsantoso/244107023010_ML_2025,FAILED,"Cloning into 'D:\PUTRI\D4\SEMESTER 8 (4C)\skripsi\code\code_mhs\244107023010'...
error: invalid path 'JS08 /JS08'
fatal: unable to checkout working tree
warning: Clone succeeded, but checkout failed.
You can inspect what was checked out with 'git status'
and retry with 'git restore --source=HEAD :/'

"
2026-03-04 05:04:50,2341720081,https://github.com/FarrelAD/2341720081_ML_2025,SUCCESS,Clone berhasil
2026-03-04 05:04:56,2341720176,https://github.com/emkafie/Machine-Learning,SUCCESS,Clone berhasil
2026-03-04 05:06:16,2341720003,https://github.com/Fatikah002/2341720003_ML_2025,SUCCESS,Clone berhasil
2026-03-04 05:06:19,2341720217,https://github.com/NathanaelGracedo/2341720217_ML_202525,FAILED,"Cloning into 'D:\PUTRI\D4\SEMESTER 8 (4C)\skripsi\code\code_mhs\2341720217'...
remote: Repository not found.
fatal: repository 'https://github.com/NathanaelGracedo/2341720217_ML_202525/' not found
"
2026-03-04 05:06:35,2341720117,https://github.com/Oktavian19/2341720117_ML_2025,SUCCESS,Clone berhasil
2026-03-04 05:12:00,2241720092,https://github.com/Katakon17/2241720092_ML_2025,SUCCESS,Clone berhasil
2026-03-04 05:12:07,2341720187,https://github.com/4rdnac/2341720187_ML_2025,SUCCESS,Clone berhasil
2026-03-04 05:12:10,244107023010,https://github.com/fajrulsantoso/244107023010_ML_2025,FAILED,"Cloning into 'D:\PUTRI\D4\SEMESTER 8 (4C)\skripsi\code\code_mhs\244107023010'...
error: invalid path 'JS08 /JS08'
fatal: unable to checkout working tree
warning: Clone succeeded, but checkout failed.
You can inspect what was checked out with 'git status'
and retry with 'git restore --source=HEAD :/'

"
2026-03-04 05:12:19,2341720081,https://github.com/FarrelAD/2341720081_ML_2025,SUCCESS,Clone berhasil
2026-03-04 05:12:26,2341720176,https://github.com/emkafie/Machine-Learning,SUCCESS,Clone berhasil
2026-03-04 05:14:13,2341720003,https://github.com/Fatikah002/2341720003_ML_2025,SUCCESS,Clone berhasil
2026-03-04 05:14:16,2341720217,https://github.com/NathanaelGracedo/2341720217_ML_202525,FAILED,"Cloning into 'D:\PUTRI\D4\SEMESTER 8 (4C)\skripsi\code\code_mhs\2341720217'...
remote: Repository not found.
fatal: repository 'https://github.com/NathanaelGracedo/2341720217_ML_202525/' not found
"
2026-03-04 05:14:25,2341720117,https://github.com/Oktavian19/2341720117_ML_2025,SUCCESS,Clone berhasil
2026-03-04 05:14:42,2341720096,https://github.com/jioooo20/2341720096_ML_2025,SUCCESS,Clone berhasil
2026-03-04 05:14:45,2341720163,https://github.com/SatrioHubs/2341720163_ML_2025,SUCCESS,Clone berhasil
2026-03-04 05:49:17,2241720092,https://github.com/Katakon17/2241720092_ML_2025,SUCCESS,Clone berhasil
2026-03-04 05:49:26,2341720187,https://github.com/4rdnac/2341720187_ML_2025,SUCCESS,Clone berhasil
2026-03-04 05:49:29,244107023010,https://github.com/fajrulsantoso/244107023010_ML_2025,FAILED,"Cloning into 'D:\PUTRI\D4\SEMESTER 8 (4C)\skripsi\code\code_mhs\244107023010'...
error: invalid path 'JS08 /JS08'
fatal: unable to checkout working tree
warning: Clone succeeded, but checkout failed.
You can inspect what was checked out with 'git status'
and retry with 'git restore --source=HEAD :/'

"
2026-03-04 05:49:43,2341720081,https://github.com/FarrelAD/2341720081_ML_2025,SUCCESS,Clone berhasil
2026-03-04 05:49:50,2341720176,https://github.com/emkafie/Machine-Learning,SUCCESS,Clone berhasil
2026-03-04 05:49:55,2341720095,https://github.com/AstorBoy11/2341720095_ML_2025.git,SUCCESS,Clone berhasil
2026-03-04 05:49:58,2341720217,https://github.com/NathanaelGracedo/2341720217_ML_202525,FAILED,"Cloning into 'D:\PUTRI\D4\SEMESTER 8 (4C)\skripsi\code\code_mhs\2341720217'...
remote: Repository not found.
fatal: repository 'https://github.com/NathanaelGracedo/2341720217_ML_202525/' not found
"
2026-03-04 05:50:13,2341720117,https://github.com/Oktavian19/2341720117_ML_2025,SUCCESS,Clone berhasil
2026-03-04 05:50:27,2341720096,https://github.com/jioooo20/2341720096_ML_2025,SUCCESS,Clone berhasil
2026-03-04 05:50:30,2341720163,https://github.com/SatrioHubs/2341720163_ML_2025,SUCCESS,Clone berhasil
2026-03-04 06:30:27,2241720092,https://github.com/Katakon17/2241720092_ML_2025,SUCCESS,Clone berhasil
2026-03-04 06:30:35,2341720187,https://github.com/4rdnac/2341720187_ML_2025,SUCCESS,Clone berhasil
2026-03-04 06:30:42,244107023010,https://github.com/fajrulsantoso/244107023010_ML_2025,FAILED,"Cloning into 'D:\PUTRI\D4\SEMESTER 8 (4C)\skripsi\code\code_mhs\244107023010'...
error: invalid path 'JS08 /JS08'
fatal: unable to checkout working tree
warning: Clone succeeded, but checkout failed.
You can inspect what was checked out with 'git status'
and retry with 'git restore --source=HEAD :/'

"
2026-03-04 06:30:51,2341720081,https://github.com/FarrelAD/2341720081_ML_2025,SUCCESS,Clone berhasil
2026-03-04 06:30:56,2341720176,https://github.com/emkafie/Machine-Learning,SUCCESS,Clone berhasil
2026-03-04 06:31:01,2341720095,https://github.com/AstorBoy11/2341720095_ML_2025.git,SUCCESS,Clone berhasil
2026-03-04 06:31:03,2341720217,https://github.com/NathanaelGracedo/2341720217_ML_202525,FAILED,"Cloning into 'D:\PUTRI\D4\SEMESTER 8 (4C)\skripsi\code\code_mhs\2341720217'...
remote: Repository not found.
fatal: repository 'https://github.com/NathanaelGracedo/2341720217_ML_202525/' not found
"
2026-03-04 06:31:14,2341720117,https://github.com/Oktavian19/2341720117_ML_2025,SUCCESS,Clone berhasil
2026-03-04 06:31:25,2341720096,https://github.com/jioooo20/2341720096_ML_2025,SUCCESS,Clone berhasil
2026-03-04 06:31:30,2341720163,https://github.com/SatrioHubs/2341720163_ML_2025,SUCCESS,Clone berhasil
2026-03-04 07:58:34,2341720040,https://github.com/AlexanderDev2004/2341720040_ML_2025,SUCCESS,Clone berhasil
2026-03-04 07:58:42,2341720131,https://github.com/annisaeka123/2341720131_ML_2025,SUCCESS,Clone berhasil
2026-03-04 07:58:56,2341720070,https://github.com/annisakrnn/2341720070_ML_2025,SUCCESS,Clone berhasil
2026-03-04 07:59:00,2341720153,https://github.com/AqsaHerryPrastyo/2341720153_ML_2025,SUCCESS,Clone berhasil
2026-03-04 07:59:04,2241720092,https://github.com/Katakon17/2241720092_ML_2025,SUCCESS,Clone berhasil
2026-03-04 07:59:12,2341720187,https://github.com/4rdnac/2341720187_ML_2025,SUCCESS,Clone berhasil
2026-03-04 08:00:26,2341720144,https://github.com/DanendraPassadhi/2341720144_ML_2025,SUCCESS,Clone berhasil
2026-03-04 08:00:57,2341720041,https://github.com/dedybayu/2341720041_ML_2025,SUCCESS,Clone berhasil
2026-03-04 08:01:04,2341720111,https://github.com/ekyaaa/2341720111_ML_2025,SUCCESS,Clone berhasil
2026-03-04 08:01:09,2341720218,https://github.com/faishal-ai/machine-learning_2025,SUCCESS,Clone berhasil
2026-03-04 08:01:13,244107023010,https://github.com/fajrulsantoso/244107023010_ML_2025,FAILED,"Cloning into 'D:\PUTRI\D4\SEMESTER 8 (4C)\skripsi\code\code_mhs\244107023010'...
error: invalid path 'JS08 /JS08'
fatal: unable to checkout working tree
warning: Clone succeeded, but checkout failed.
You can inspect what was checked out with 'git status'
and retry with 'git restore --source=HEAD :/'

"
2026-03-04 08:01:24,2341720081,https://github.com/FarrelAD/2341720081_ML_2025,SUCCESS,Clone berhasil
2026-03-04 08:01:30,2341720176,https://github.com/emkafie/Machine-Learning,SUCCESS,Clone berhasil
2026-03-04 08:03:22,2341720003,https://github.com/Fatikah002/2341720003_ML_2025,SUCCESS,Clone berhasil
2026-03-04 08:03:26,2341720109,https://github.com/geriiy/2341720109_ML_2025,SUCCESS,Clone berhasil
2026-03-04 08:03:39,2341720035,https://github.com/GhoffarFitassin/2341720035_ML_2025,SUCCESS,Clone berhasil
2026-03-04 08:03:49,2341720096,https://github.com/jioooo20/2341720096_ML_2025,SUCCESS,Clone berhasil
2026-03-04 08:03:58,2341720057,https://github.com/KhoirotunNisa25/2341720057_ML_2025,SUCCESS,Clone berhasil
2026-03-04 08:04:09,2341720168,https://github.com/Afif-Ghifari/2341720168_ML_2025,SUCCESS,Clone berhasil
2026-03-04 08:04:18,2341720088,https://github.com/Dimas0824/2341720088_ML_2025,SUCCESS,Clone berhasil
2026-03-04 08:05:27,2341720009,https://github.com/muhnasih/2341720009_ML_2025,SUCCESS,Clone berhasil
2026-03-04 08:06:35,2341720158,https://github.com/rafiirajendra/2341720158_ML_2025,SUCCESS,Clone berhasil
2026-03-04 08:06:54,244107023008,https://github.com/Naditya206/244107023008_ML_2025,SUCCESS,Clone berhasil
2026-03-04 08:06:57,2341720217,https://github.com/NathanaelGracedo/2341720217_ML_202525,FAILED,"Cloning into 'D:\PUTRI\D4\SEMESTER 8 (4C)\skripsi\code\code_mhs\2341720217'...
remote: Repository not found.
fatal: repository 'https://github.com/NathanaelGracedo/2341720217_ML_202525/' not found
"
2026-03-04 08:07:07,2341720117,https://github.com/Oktavian19/2341720117_ML_2025,SUCCESS,Clone berhasil
2026-03-04 08:10:01,2341720143,https://github.com/Ruphasa/2341720143_ML_2025,SUCCESS,Clone berhasil
2026-03-04 08:10:07,2341720163,https://github.com/SatrioHubs/2341720163_ML_2025,SUCCESS,Clone berhasil
2026-03-04 08:10:18,2341720191,https://github.com/soulqan/2341720191_ML_2025,SUCCESS,Clone berhasil
2026-03-04 08:14:49,2341720174,https://github.com/Atadewa/2341720174_ML_2025,SUCCESS,Clone berhasil
2026-03-04 08:15:22,2341720250,https://github.com/afifahnisa17/2341720250_ML_2025,SUCCESS,Clone berhasil
2026-03-04 08:15:46,2341720083,https://github.com/Afqufai/2341720083_ML_2025,SUCCESS,Clone berhasil
2026-03-04 08:20:12,2341720047,https://github.com/scarebats/2341720047_ML_2025,SUCCESS,Clone berhasil
2026-03-04 08:20:22,2341720234,https://github.com/anyacallissta/2341720234_ML_2025,SUCCESS,Clone berhasil
2026-03-04 08:20:27,2341720095,https://github.com/AstorBoy11/2341720095_ML_2025.git,SUCCESS,Clone berhasil
2026-03-04 08:21:21,2341720084,https://github.com/aorysan/2341720084_ML_2025,SUCCESS,Clone berhasil
2026-03-04 08:21:42,2341720032,https://github.com/MiracleCakra/2341720032_ML_2025,SUCCESS,Clone berhasil
2026-03-04 08:21:49,2341720005,https://github.com/ChikoAbillaBasya/2341720005_ML_2025,SUCCESS,Clone berhasil
2026-03-04 08:22:05,2341720200,https://github.com/DmarGalee/2341720200_ML_2025,SUCCESS,Clone berhasil
2026-03-04 08:22:11,2341720162,https://github.com/diana-rahma/2341720162_ML_2025,SUCCESS,Clone berhasil
2026-03-04 08:22:16,2341720251,https://github.com/Hamdankim/2341720251_ML_2025,SUCCESS,Clone berhasil
2026-03-04 08:22:55,2341720157,https://github.com/Raruu/2341720157_ML_2025,SUCCESS,Clone berhasil
2026-03-04 08:23:00,2341720017,https://github.com/KevinASaputra/2341720017_MachineLearning_2025,SUCCESS,Clone berhasil
2026-03-04 08:23:06,2341720011,https://github.com/marsyaaurel08/2341720011_ML_2025,SUCCESS,Clone berhasil
2026-03-04 08:23:10,2341720160,https://github.com/mlnrengga/2341720160_ML_2025,SUCCESS,Clone berhasil
2026-03-04 08:23:14,2341720025,https://github.com/alfbrynn/2341720025_ML_2025,FAILED,"Cloning into 'D:\PUTRI\D4\SEMESTER 8 (4C)\skripsi\code\code_mhs\2341720025'...
remote: Repository not found.
fatal: repository 'https://github.com/alfbrynn/2341720025_ML_2025/' not found
"
2026-03-04 08:23:26,2341720028,https://github.com/MRifdaM/234172008_ML_2025.git,SUCCESS,Clone berhasil
2026-03-04 08:24:26,2341720227,https://github.com/petrusthelastking/2341720227_ML_2025,SUCCESS,Clone berhasil
2026-03-04 08:24:59,2341720007,https://github.com/rafafadilaras/2341720007_ML_2025,SUCCESS,Clone berhasil
2026-03-04 08:25:05,2341720135,https://github.com/RakaiSeto/2341720135_ML_2025,SUCCESS,Clone berhasil
2026-03-04 08:27:05,2341720248,https://github.com/Putra1688/2341720248_ML_2025,SUCCESS,Clone berhasil
2026-03-04 08:27:09,2341720164,https://github.com/Raudhil/2341720164_ML_2025,SUCCESS,Clone berhasil
2026-03-04 08:27:13,2341720147,https://github.com/Sadiya8924/2341720147_ML_2025,SUCCESS,Clone berhasil
2026-03-04 08:27:21,2341720108,https://github.com/sakanabil/2341720108_ML_2025,SUCCESS,Clone berhasil
2026-03-04 08:27:32,2341720072,https://github.com/sirfara12/2341720072_ML__2025.git,SUCCESS,Clone berhasil
2026-03-04 08:27:44,2341720062,https://github.com/taufikdimas/2341720062_ML_2025,SUCCESS,Clone berhasil
2026-03-04 08:28:03,2341720093,https://github.com/TNCP06/2341720093_ML_2025,SUCCESS,Clone berhasil
2026-03-04 08:28:23,2341720112,https://github.com/TMTMPST/2341720112_ML_2025,SUCCESS,Clone berhasil
2026-03-04 14:00:54,2241720132,https://github.com/putrialiciawati/cobaPython,SUCCESS,Clone berhasil
2026-03-09 13:32:43,2341720040,https://github.com/AlexanderDev2004/2341720040_ML_2025,SKIPPED,Folder sudah ada
2026-03-09 13:32:43,2341720131,https://github.com/annisaeka123/2341720131_ML_2025,SKIPPED,Folder sudah ada
2026-03-09 13:32:43,2341720070,https://github.com/annisakrnn/2341720070_ML_2025,SKIPPED,Folder sudah ada
2026-03-09 13:32:43,2341720153,https://github.com/AqsaHerryPrastyo/2341720153_ML_2025,SKIPPED,Folder sudah ada
2026-03-09 13:32:43,2241720092,https://github.com/Katakon17/2241720092_ML_2025,SKIPPED,Folder sudah ada
2026-03-09 13:32:43,2341720187,https://github.com/4rdnac/2341720187_ML_2025,SKIPPED,Folder sudah ada
2026-03-09 13:32:43,2341720144,https://github.com/DanendraPassadhi/2341720144_ML_2025,SKIPPED,Folder sudah ada
2026-03-09 13:32:43,2341720041,https://github.com/dedybayu/2341720041_ML_2025,SKIPPED,Folder sudah ada
2026-03-09 13:32:43,2341720111,https://github.com/ekyaaa/2341720111_ML_2025,SKIPPED,Folder sudah ada
2026-03-09 13:32:43,2341720218,https://github.com/faishal-ai/machine-learning_2025,SKIPPED,Folder sudah ada
2026-03-09 13:32:47,244107023010,https://github.com/fajrulsantoso/244107023010_ML_2025,FAILED,"Cloning into 'D:\PUTRI\D4\SEMESTER 8 (4C)\skripsi\code\code_mhs\244107023010'...
error: invalid path 'JS08 /JS08'
fatal: unable to checkout working tree
warning: Clone succeeded, but checkout failed.
You can inspect what was checked out with 'git status'
and retry with 'git restore --source=HEAD :/'

"
2026-03-09 13:32:47,2341720081,https://github.com/FarrelAD/2341720081_ML_2025,SKIPPED,Folder sudah ada
2026-03-09 13:32:47,2341720176,https://github.com/emkafie/Machine-Learning,SKIPPED,Folder sudah ada
2026-03-09 13:32:47,2341720003,https://github.com/Fatikah002/2341720003_ML_2025,SKIPPED,Folder sudah ada
2026-03-09 13:32:47,2341720109,https://github.com/geriiy/2341720109_ML_2025,SKIPPED,Folder sudah ada
2026-03-09 13:32:47,2341720035,https://github.com/GhoffarFitassin/2341720035_ML_2025,SKIPPED,Folder sudah ada
2026-03-09 13:32:47,2341720096,https://github.com/jioooo20/2341720096_ML_2025,SKIPPED,Folder sudah ada
2026-03-09 13:32:47,2341720057,https://github.com/KhoirotunNisa25/2341720057_ML_2025,SKIPPED,Folder sudah ada
2026-03-09 13:32:47,2341720168,https://github.com/Afif-Ghifari/2341720168_ML_2025,SKIPPED,Folder sudah ada
2026-03-09 13:32:47,2341720088,https://github.com/Dimas0824/2341720088_ML_2025,SKIPPED,Folder sudah ada
2026-03-09 13:32:47,2341720009,https://github.com/muhnasih/2341720009_ML_2025,SKIPPED,Folder sudah ada
2026-03-09 13:32:47,2341720158,https://github.com/rafiirajendra/2341720158_ML_2025,SKIPPED,Folder sudah ada
2026-03-09 13:32:47,244107023008,https://github.com/Naditya206/244107023008_ML_2025,SKIPPED,Folder sudah ada
2026-03-09 13:33:46,2341720217,https://github.com/NathanaelGracedo/2341720217_ML_2025,SUCCESS,Clone berhasil
2026-03-09 13:33:47,2341720117,https://github.com/Oktavian19/2341720117_ML_2025,SKIPPED,Folder sudah ada
2026-03-09 13:33:47,2341720143,https://github.com/Ruphasa/2341720143_ML_2025,SKIPPED,Folder sudah ada
2026-03-09 13:33:47,2341720163,https://github.com/SatrioHubs/2341720163_ML_2025,SKIPPED,Folder sudah ada
2026-03-09 13:33:47,2341720191,https://github.com/soulqan/2341720191_ML_2025,SKIPPED,Folder sudah ada
2026-03-09 13:33:47,2341720174,https://github.com/Atadewa/2341720174_ML_2025,SKIPPED,Folder sudah ada
2026-03-09 13:33:47,2341720250,https://github.com/afifahnisa17/2341720250_ML_2025,SKIPPED,Folder sudah ada
2026-03-09 13:33:47,2341720083,https://github.com/Afqufai/2341720083_ML_2025,SKIPPED,Folder sudah ada
2026-03-09 13:33:47,2341720047,https://github.com/scarebats/2341720047_ML_2025,SKIPPED,Folder sudah ada
2026-03-09 13:33:47,2341720234,https://github.com/anyacallissta/2341720234_ML_2025,SKIPPED,Folder sudah ada
2026-03-09 13:33:47,2341720095,https://github.com/AstorBoy11/2341720095_ML_2025.git,SKIPPED,Folder sudah ada
2026-03-09 13:33:47,2341720084,https://github.com/aorysan/2341720084_ML_2025,SKIPPED,Folder sudah ada
2026-03-09 13:33:47,2341720032,https://github.com/MiracleCakra/2341720032_ML_2025,SKIPPED,Folder sudah ada
2026-03-09 13:33:47,2341720005,https://github.com/ChikoAbillaBasya/2341720005_ML_2025,SKIPPED,Folder sudah ada
2026-03-09 13:33:47,2341720200,https://github.com/DmarGalee/2341720200_ML_2025,SKIPPED,Folder sudah ada
2026-03-09 13:33:47,2341720162,https://github.com/diana-rahma/2341720162_ML_2025,SKIPPED,Folder sudah ada
2026-03-09 13:33:47,2341720251,https://github.com/Hamdankim/2341720251_ML_2025,SKIPPED,Folder sudah ada
2026-03-09 13:33:47,2341720157,https://github.com/Raruu/2341720157_ML_2025,SKIPPED,Folder sudah ada
2026-03-09 13:33:47,2341720017,https://github.com/KevinASaputra/2341720017_MachineLearning_2025,SKIPPED,Folder sudah ada
2026-03-09 13:33:47,2341720011,https://github.com/marsyaaurel08/2341720011_ML_2025,SKIPPED,Folder sudah ada
2026-03-09 13:33:47,2341720160,https://github.com/mlnrengga/2341720160_ML_2025,SKIPPED,Folder sudah ada
2026-03-09 13:33:50,2341720025,https://github.com/alfbrynn/2341720025_ML_2025,FAILED,"Cloning into 'D:\PUTRI\D4\SEMESTER 8 (4C)\skripsi\code\code_mhs\2341720025'...
remote: Repository not found.
fatal: repository 'https://github.com/alfbrynn/2341720025_ML_2025/' not found
"
2026-03-09 13:33:50,2341720028,https://github.com/MRifdaM/234172008_ML_2025.git,SKIPPED,Folder sudah ada
2026-03-09 13:33:50,2341720227,https://github.com/petrusthelastking/2341720227_ML_2025,SKIPPED,Folder sudah ada
2026-03-09 13:33:50,2341720007,https://github.com/rafafadilaras/2341720007_ML_2025,SKIPPED,Folder sudah ada
2026-03-09 13:33:50,2341720135,https://github.com/RakaiSeto/2341720135_ML_2025,SKIPPED,Folder sudah ada
2026-03-09 13:33:50,2341720248,https://github.com/Putra1688/2341720248_ML_2025,SKIPPED,Folder sudah ada
2026-03-09 13:33:50,2341720164,https://github.com/Raudhil/2341720164_ML_2025,SKIPPED,Folder sudah ada
2026-03-09 13:33:50,2341720147,https://github.com/Sadiya8924/2341720147_ML_2025,SKIPPED,Folder sudah ada
2026-03-09 13:33:50,2341720108,https://github.com/sakanabil/2341720108_ML_2025,SKIPPED,Folder sudah ada
2026-03-09 13:33:50,2341720072,https://github.com/sirfara12/2341720072_ML__2025.git,SKIPPED,Folder sudah ada
2026-03-09 13:33:50,2341720062,https://github.com/taufikdimas/2341720062_ML_2025,SKIPPED,Folder sudah ada
2026-03-09 13:33:50,2341720093,https://github.com/TNCP06/2341720093_ML_2025,SKIPPED,Folder sudah ada
2026-03-09 13:33:50,2341720112,https://github.com/TMTMPST/2341720112_ML_2025,SKIPPED,Folder sudah ada
